Date,Event Description,Country,Country ISO,Admin 1,Latitude,Longitude,Geo Precision,Camp Name,Reported Perpetrator,Reported Perpetrator Name,Weapon Carried/Used,Protection Event Context,Victim of Violence,Survivor or Victim Sex,Survivor or Victim Minor,Number of Attacks on Camps Reporting Destruction,Number of Attacks on Camps Reporting Damaged,Camp Resident Killed,Camp Resident Injured,Camp Residents Kidnapped,Camp Residents Arrested,Camp Residents Targeted with CRSV,Service Provider Killed,Service Provider Kidnapped,Service Provider Arrested,Service Provider Targeted with CRSV,SiND ID
2025-04-29,,Sudan,SDN,North Darfur State,13.4,25.3,(2) 25 km Precision ,Zamzam Camp,NSA,Rapid Support Forces,Firearms,Targetted Attack on Camp,No Direct Victim Reported,No Direct Victim Reported,No Direct Victim Reported,0,0,0,0,0,0,0,0,0,0,0,96166
2025-04-28,,Sudan,SDN,East Darfur State,11.8,26.2,(2) 25 km Precision ,El Neem Camp,NSA,Darfur rebels,No Information on the Weapon Used,Education/Health Affected,No Direct Victim Reported,No Direct Victim Reported,No Direct Victim Reported,0,0,0,0,0,0,0,0,0,0,0,96297
2025-04-26,,Sudan,SDN,North Darfur State,13.4,25.3,(2) 25 km Precision ,Zamzam Camp,NSA,Rapid Support Forces,Firearms,None,Camp Resident,Multiple,Multiple,0,0,0,0,0,0,0,0,0,0,0,99731
2025-04-25,,Sudan,SDN,Al Khartum,15.5,32.5,(2) 25 km Precision ,Temporary/Makeshift Site,NSA,Rapid Support Forces,Aerial Bomb: Drone,Airstrike/Shelling,Camp Resident,No Information,Adult,0,0,0,0,0,0,0,0,0,0,0,100784
2025-04-25,,Sudan,SDN,River Nile State,17.6,33.9,(2) 25 km Precision ,Temporary/Makeshift Site,NSA,Rapid Support Forces,Aerial Bomb: Drone,Airstrike/Shelling,Camp Resident,No Information,Adult,0,1,11,18,0,0,0,0,0,0,0,99846
2025-04-24,,Sudan,SDN,North Darfur State,13.6,25.3,(2) 25 km Precision ,Abu Shouk Camp,NSA,Rapid Support Forces,Artillery,Airstrike/Shelling,Camp Resident,No Information,Adult,0,1,10,0,0,0,0,0,0,0,0,99717
2025-04-24,,Sudan,SDN,North Darfur State,13.4,25.3,(2) 25 km Precision ,Zamzam Camp,NSA,Rapid Support Forces,Firearms,CRSV in Protection Context,Camp Resident,Female,Adult,0,0,0,0,0,0,1,0,0,0,0,109108
2025-04-23,,Sudan,SDN,North Darfur State,13.4,25.3,(2) 25 km Precision ,Zamzam Camp,NSA,Rapid Support Forces,Firearms,CRSV in Protection Context,"Camp Resident, Camp Resident Child",Female,Minor,0,0,0,0,0,0,1,0,0,0,0,109106
2025-04-23,,Sudan,SDN,North Darfur State,13.6,25.3,(2) 25 km Precision ,Abu Shouk Camp,NSA,Rapid Support Forces,Artillery,Airstrike/Shelling,Camp Resident,No Information,Adult,0,1,20,17,0,0,0,0,0,0,0,99715
2025-04-23,,Sudan,SDN,North Darfur State,13.4,25.3,(2) 25 km Precision ,Zamzam Camp,NSA,Rapid Support Forces,Firearms,CRSV in Protection Context,Camp Resident,Female,Adult,0,0,0,0,0,0,1,0,0,0,0,109107
2025-04-22,,Sudan,SDN,Kassala State,14.7,35.9,(2) 25 km Precision ,Shagarab Camp,NSA,Armed group,Firearms,Camp Resident Kidnapped,Camp Resident,Female,Minor,0,0,0,0,1,0,0,0,0,0,0,99734
2025-04-22,,Sudan,SDN,North Darfur State,13.6,25.3,(2) 25 km Precision ,Abu Shouk Camp,NSA,Rapid Support Forces,Artillery,Airstrike/Shelling,Camp Resident,No Information,Adult,0,1,7,8,0,0,0,0,0,0,0,99714
2025-04-21,,Sudan,SDN,North Darfur State,13.6,25.3,(2) 25 km Precision ,Abu Shouk Camp,NSA,Rapid Support Forces,Artillery,Airstrike/Shelling,Camp Resident,No Information,Adult,0,1,2,10,0,0,0,0,0,0,0,99718
2025-04-21,,Sudan,SDN,North Darfur State,13.4,25.3,(2) 25 km Precision ,Zamzam Camp,NSA,Rapid Support Forces,Knife,Camp Resident Attacked/Killed,Camp Resident,No Information,Adult,0,0,1,0,0,0,0,0,0,0,0,99730
2025-04-19,,Sudan,SDN,North Darfur State,13.6,25.3,(2) 25 km Precision ,Abu Shouk Camp,NSA,Rapid Support Forces,Artillery,Airstrike/Shelling,Camp Resident,No Information,Adult,0,1,1,1,0,0,0,0,0,0,0,99713
2025-04-17,,Sudan,SDN,North Darfur State,13.6,25.3,(2) 25 km Precision ,Abu Shouk Camp,NSA,Rapid Support Forces,Artillery,Airstrike/Shelling,Health Worker ,Male,Adult,0,1,0,0,0,0,0,1,0,0,0,97263
2025-04-16,,Sudan,SDN,North Darfur State,13.6,25.3,(2) 25 km Precision ,Abu Shouk Camp,Host Government: Military,Sudanese Armed Forces,Firearms,Camp Resident Arrested,Camp Resident,No Information,Adult,0,0,0,0,0,50,0,0,0,0,0,99723
2025-04-15,,Sudan,SDN,North Darfur State,13.6,25.3,(2) 25 km Precision ,Abu Shouk Camp,NSA,Rapid Support Forces,Artillery,Airstrike/Shelling,Camp Resident,No Information,Adult,0,1,3,1,0,0,0,0,0,0,0,99712
2025-04-15,,Sudan,SDN,North Darfur State,13.4,25.3,(2) 25 km Precision ,Zamzam Camp,NSA,Rapid Support Forces,Artillery,Airstrike/Shelling,Camp Resident,No Information,Adult,0,1,1,1,0,0,0,0,0,0,0,99732
2025-04-15,,Sudan,SDN,North Darfur State,13.4,25.3,(2) 25 km Precision ,Zamzam Camp,NSA,Armed group,Arson,Camp Arson/Fire,Camp Resident,No Information,Adult,0,0,0,0,0,0,0,0,0,0,0,99729
2025-04-14,,Sudan,SDN,North Darfur State,13.6,25.3,(2) 25 km Precision ,Abu Shouk Camp,NSA,Rapid Support Forces,Artillery,Airstrike/Shelling,Camp Resident,No Information,Multiple,0,1,3,1,0,0,0,0,0,0,0,99711
2025-04-13,,Sudan,SDN,North Darfur State,13.4,25.3,(2) 25 km Precision ,Zamzam Camp,NSA,Rapid Support Forces,Shelling,Airstrike/Shelling,No Direct Victim Reported,No Direct Victim Reported,No Direct Victim Reported,0,0,0,0,0,0,0,0,0,0,0,95482
2025-04-13,,Sudan,SDN,North Darfur State,13.4,25.3,(2) 25 km Precision ,Zamzam Camp,NSA,Rapid Support Forces,Firearms,None,Camp Resident,Female,Adult,0,0,0,0,0,0,0,0,0,0,0,99728
2025-04-13,,Sudan,SDN,North Darfur State,13.4,25.3,(2) 25 km Precision ,Zamzam Camp,NSA,Rapid Support Forces,Shelling,Airstrike/Shelling,Health Worker ,Male,Adult,0,0,0,0,0,0,0,0,0,0,0,95340
2025-04-12,,Sudan,SDN,North Darfur State,13.6,25.3,(2) 25 km Precision ,Abu Shouk Camp,NSA,Rapid Support Forces,Artillery,Airstrike/Shelling,Camp Resident,No Information,Adult,0,1,40,100,0,0,0,0,0,0,0,99710
2025-04-12,,Sudan,SDN,North Darfur State,13.4,25.3,(2) 25 km Precision ,Zamzam Camp,NSA,Rapid Support Forces,Arson,Camp Arson/Fire,Aid Worker,Female,Adult,1,1,0,0,0,0,0,0,0,0,0,96145
2025-04-11,,Sudan,SDN,North Darfur State,13.4,25.3,(2) 25 km Precision ,Zamzam Camp,Multiple,"Rapid Support Forces, Sudanese Armed Forces","Aerial Bomb: Plane, Artillery",Airstrike/Shelling,Camp Resident,No Information,Adult,0,1,1,1,0,0,0,0,0,0,0,99722
2025-04-11,,Sudan,SDN,North Darfur State,13.6,25.3,(2) 25 km Precision ,Abu Shouk Camp,Multiple,"Rapid Support Forces, Sudanese Armed Forces","Aerial Bomb: Plane, Artillery",Airstrike/Shelling,Camp Resident,No Information,Adult,0,1,1,1,0,0,0,0,0,0,0,99720
2025-04-11,,Sudan,SDN,North Darfur State,13.4,25.3,(2) 25 km Precision ,Zamzam Camp,NSA,Rapid Support Forces,Firearms,Education/Health Affected,Health Worker ,Multiple,Adult,0,0,0,0,0,0,0,11,0,0,0,95339
2025-04-10,,Sudan,SDN,North Darfur State,13.6,25.3,(2) 25 km Precision ,Abu Shouk Camp,NSA,Rapid Support Forces,Artillery,Airstrike/Shelling,Camp Resident,No Information,Adult,0,1,15,25,0,0,0,0,0,0,0,99719
2025-04-10,,Sudan,SDN,North Darfur State,13.4,25.3,(2) 25 km Precision ,Zamzam Camp,NSA,Rapid Support Forces,Firearms,Targetted Attack on Camp,No Direct Victim Reported,No Direct Victim Reported,No Direct Victim Reported,0,0,0,0,0,0,0,0,0,0,0,99295
2025-04-07,,Sudan,SDN,North Darfur State,13.4,25.3,(2) 25 km Precision ,Zamzam Camp,NSA,Rapid Support Forces,Artillery,Airstrike/Shelling,Camp Resident,No Information,Adult,0,1,9,17,0,0,0,0,0,0,0,99726
2025-04-07,,Sudan,SDN,North Darfur State,13.6,25.3,(2) 25 km Precision ,Abu Shouk Camp,NSA,Rapid Support Forces,Artillery,Airstrike/Shelling,Camp Resident,No Information,Adult,0,1,3,9,0,0,0,0,0,0,0,99709
2025-04-05,,Sudan,SDN,North Darfur State,13.6,25.3,(2) 25 km Precision ,Abu Shouk Camp,NSA,Rapid Support Forces,Artillery,Airstrike/Shelling,No Direct Victim Reported,No Direct Victim Reported,No Direct Victim Reported,0,1,0,0,0,0,0,0,0,0,0,99708
2025-04-05,,Sudan,SDN,North Darfur State,13.4,25.3,(2) 25 km Precision ,Zamzam Camp,NSA,Rapid Support Forces,Artillery,Airstrike/Shelling,Camp Resident,No Information,Adult,0,1,0,4,0,0,0,0,0,0,0,99724
2025-04-02,,Sudan,SDN,North Darfur State,13.6,25.3,(2) 25 km Precision ,Abu Shouk Camp,NSA,Rapid Support Forces,Aerial Bomb: Drone,Airstrike/Shelling,Camp Resident,No Information,Adult,0,1,10,0,0,0,0,0,0,0,0,99706
2025-03-31,,Sudan,SDN,North Darfur State,13.6,25.3,(2) 25 km Precision ,Abu Shouk Camp,NSA,Rapid Support Forces,Artillery,Airstrike/Shelling,Camp Resident,No Information,Adult,0,1,9,15,0,0,0,0,0,0,0,99125
2025-03-25,,Sudan,SDN,North Darfur State,13.6,25.3,(2) 25 km Precision ,Temporary/Makeshift Site,NSA,Rapid Support Forces,Artillery,Airstrike/Shelling,Camp Resident,No Information,Adult,0,1,12,17,0,0,0,0,0,0,0,99733
2025-03-23,,Sudan,SDN,North Darfur State,13.6,25.3,(2) 25 km Precision ,Abu Shouk Camp,NSA,Rapid Support Forces,Artillery,Airstrike/Shelling,Camp Resident,No Information,Adult,0,1,1,1,0,0,0,0,0,0,0,99124
2025-03-22,,Sudan,SDN,North Darfur State,13.6,25.3,(2) 25 km Precision ,Abu Shouk Camp,NSA,Rapid Support Forces,Artillery,Airstrike/Shelling,Camp Resident,No Information,Adult,0,1,1,7,0,0,0,0,0,0,0,99705
2025-03-19,,Sudan,SDN,North Darfur State,13.4,25.3,(2) 25 km Precision ,Zamzam Camp,No Information,"Unidentified, no further information available",Firearms,Targetted Attack on Camp,No Direct Victim Reported,No Direct Victim Reported,No Direct Victim Reported,0,0,0,0,0,0,0,0,0,0,0,96825
2025-03-18,,Sudan,SDN,North Darfur State,13.4,25.3,(2) 25 km Precision ,Zamzam Camp,NSA,Rapid Support Forces,Shelling,Airstrike/Shelling,No Direct Victim Reported,No Direct Victim Reported,No Direct Victim Reported,0,1,0,0,0,0,0,0,0,0,0,96813
2025-03-17,,Sudan,SDN,North Darfur State,13.4,25.3,(2) 25 km Precision ,Zamzam Camp,No Information,"Unidentified, no further information available",Hand Grenade,Targetted Attack on Camp,Camp Resident,No Information,Minor,0,1,1,4,0,0,0,0,0,0,0,96824
2025-03-15,,Sudan,SDN,North Darfur State,13.6,25.3,(2) 25 km Precision ,Abu Shouk Camp,NSA,Rapid Support Forces,Shelling,Airstrike/Shelling,No Direct Victim Reported,No Direct Victim Reported,No Direct Victim Reported,0,1,0,0,0,0,0,0,0,0,0,96814
2025-03-13,,Sudan,SDN,North Darfur State,13.4,25.3,(2) 25 km Precision ,Zamzam Camp,No Information,"Unidentified, no further information available",Shelling,Airstrike/Shelling,Camp Resident,No Information,Adult,0,1,0,0,0,0,0,0,0,0,0,96823
2025-03-11,,Sudan,SDN,North Darfur State,13.6,25.3,(2) 25 km Precision ,Abu Shouk Camp,NSA,Rapid Support Forces,Shelling,Airstrike/Shelling,Camp Resident,No Information,Adult,0,1,0,1,0,0,0,0,0,0,0,96815
2025-03-10,,Sudan,SDN,South Darfur State,12,24.9,(2) 25 km Precision ,Otash Camp,NSA,Darfur rebels,Firearms,Targetted Attack on Camp,Camp Resident,No Information,Adult,0,0,1,0,0,0,0,0,0,0,0,96816
2025-03-05,,Sudan,SDN,North Darfur State,13.6,25.3,(2) 25 km Precision ,Abu Shouk Camp,NSA,Rapid Support Forces,Shelling,Airstrike/Shelling,Camp Resident,No Information,Adult,0,1,6,17,0,0,0,0,0,0,0,96817
2025-03-05,,Sudan,SDN,North Darfur State,13.4,25.3,(2) 25 km Precision ,Zamzam Camp,NSA,Rapid Support Forces,Shelling,Airstrike/Shelling,Camp Resident,No Information,Adult,0,1,6,1,0,0,0,0,0,0,0,96818
2025-03-04,,Sudan,SDN,North Darfur State,13.6,25.3,(2) 25 km Precision ,Abu Shouk Camp,NSA,Rapid Support Forces,Shelling,Airstrike/Shelling,Camp Resident,No Information,Adult,0,1,80,80,0,0,0,0,0,0,0,96822
2025-03-02,,Sudan,SDN,North Darfur State,13.6,25.3,(2) 25 km Precision ,Abu Shouk Camp,NSA,Rapid Support Forces,Shelling,Airstrike/Shelling,Camp Resident,No Information,Adult,0,1,6,1,0,0,0,0,0,0,0,96821
2025-02-27,,Sudan,SDN,South Darfur State,11.9,24.8,(2) 25 km Precision ,Sakali Camp,NSA,Darfur rebels,Arson,Camp Arson/Fire,Camp Resident,Male,Adult,0,1,1,0,0,0,0,0,0,0,0,96819
2025-02-17,,Sudan,SDN,North Darfur State,13.6,25.3,(2) 25 km Precision ,Not Applicable,NSA,Armed group,Shelling,Airstrike/Shelling,Aid Worker,Male,Adult,0,0,0,0,0,0,0,1,0,0,0,93343
2025-02-15,,Sudan,SDN,East Darfur,11.8,26.2,(2) 25 km Precision ,El Neem Camp,NSA,Rapid Support Forces,Firearms,Camp Resident Kidnapped,Camp Resident,No Information,Adult,0,0,0,0,7,0,0,0,0,0,0,94322
2025-02-14,,Sudan,SDN,North Darfur State,13.4,25.3,(2) 25 km Precision ,Zamzam Camp,NSA,Rapid Support Forces,Firearms,Violence Against Aid Operator,Aid Worker,No Information,Adult,0,1,0,0,0,0,0,0,0,0,0,94381
2025-02-11,,Sudan,SDN,North Darfur State,13.6,25.3,(2) 25 km Precision ,Abu Shouk Camp,NSA,Rapid Support Forces,Shelling,Airstrike/Shelling,Camp Resident,No Information,Adult,0,1,1,1,0,0,0,0,0,0,0,94320
2025-02-11,,Sudan,SDN,North Darfur State,13.4,25.3,(2) 25 km Precision ,Zamzam Camp,NSA,Rapid Support Forces,Firearms,Violence Against Aid Operator,"Aid Worker, Camp Resident",No Information,Adult,0,1,5,40,0,0,0,0,0,0,0,93410
2025-02-01,,Sudan,SDN,North Darfur State,13.6,25.3,(2) 25 km Precision ,Abu Shouk Camp,NSA,Rapid Support Forces,Shelling,Airstrike/Shelling,Camp Resident,No Information,Adult,0,1,11,18,0,0,0,0,0,0,0,94319
2025-01-29,,Sudan,SDN,North Darfur State,13.6,25.3,(2) 25 km Precision ,Abu Shouk Camp,NSA,Rapid Support Forces,Artillery,Airstrike/Shelling,Camp Resident,No Information,Adult,0,1,7,11,0,0,0,0,0,0,0,96783
2025-01-25,,Sudan,SDN,No Information,15,32,(6) Country,Unnamed Camp,No Information,"Unidentified, no further information available",No Information on the Weapon Used,CRSV in Protection Context,Camp Resident,Female,Adult,0,0,0,0,0,0,1,0,0,0,0,95317
2025-01-23,,Sudan,SDN,North Darfur State,13.6,25.3,(2) 25 km Precision ,Abu Shouk Camp,NSA,Rapid Support Forces,Artillery,Airstrike/Shelling,Camp Resident,No Information,Adult,0,1,2,7,0,0,0,0,0,0,0,96781
2025-01-21,,Sudan,SDN,North Darfur State,13.6,25.3,(2) 25 km Precision ,Abu Shouk Camp,NSA,Rapid Support Forces,Shelling,Airstrike/Shelling,Camp Resident,No Information,Adult,0,1,4,15,0,0,0,0,0,0,0,96780
2025-01-20,,Sudan,SDN,North Darfur State,13.6,25.3,(2) 25 km Precision ,Abu Shouk Camp,NSA,Rapid Support Forces,Mortar,Airstrike/Shelling,Camp Resident,No Information,Adult,0,1,11,18,0,0,0,0,0,0,0,96779
2025-01-19,,Sudan,SDN,North Darfur State,13.4,25.3,(2) 25 km Precision ,Zamzam Camp,NSA,Rapid Support Forces,Shelling,Airstrike/Shelling,Camp Resident,No Information,Adult,0,1,1,1,0,0,0,0,0,0,0,96778
2025-01-18,,Sudan,SDN,North Darfur State,13.6,25.3,(2) 25 km Precision ,Abu Shouk Camp,NSA,Rapid Support Forces,Shelling,Airstrike/Shelling,Camp Resident,No Information,Adult,0,1,0,1,0,0,0,0,0,0,0,96772
2025-01-18,,Sudan,SDN,North Darfur State,13.6,25.3,(2) 25 km Precision ,Abu Shouk Camp,NSA,Rapid Support Forces,Artillery,Airstrike/Shelling,Camp Resident,No Information,Adult,0,1,8,1,0,0,0,0,0,0,0,96782
2025-01-16,,Sudan,SDN,North Darfur State,13.6,25.3,(2) 25 km Precision ,Abu Shouk Camp,NSA,Rapid Support Forces,Artillery,Airstrike/Shelling,Camp Resident,No Information,Adult,0,1,5,1,0,0,0,0,0,0,0,96806
2025-01-15,,Sudan,SDN,North Darfur State,13.6,25.3,(2) 25 km Precision ,Abu Shouk Camp,NSA,Rapid Support Forces,Artillery,Airstrike/Shelling,Camp Resident,No Information,Adult,0,1,0,2,0,0,0,0,0,0,0,96805
2025-01-14,,Sudan,SDN,West Darfur,12.6,22.5,(2) 25 km Precision ,Dar el Salam Camp,Host Government: Military,Sudanese Armed Forces,Firearms,Targetted Attack on Camp,Camp Resident,No Information,Adult,0,0,13,0,0,0,0,0,0,0,0,96796
2025-01-14,,Sudan,SDN,North Darfur State,16.1,25.8,"(3) District, Communicipality or Commune ",None,NSA,Armed group,Firearms,Targetted Attack on Camp,Camp Resident,No Information,Adult,0,0,5,0,0,0,0,0,0,0,0,96795
2025-01-14,,Sudan,SDN,Aj Jazira,14.6,33.2,"(3) District, Communicipality or Commune ",None,Host Government: Military,Sudanese Armed Forces,Arson,Camp Arson/Fire,No Direct Victim Reported,No Direct Victim Reported,No Direct Victim Reported,0,0,0,0,0,0,0,0,0,0,0,96794
2025-01-13,,Sudan,SDN,North Darfur State,13.6,25.3,(2) 25 km Precision ,Abu Shouk Camp,NSA,Rapid Support Forces,Shelling,Airstrike/Shelling,No Direct Victim Reported,No Direct Victim Reported,No Direct Victim Reported,0,0,0,0,0,0,0,0,0,0,0,88515
2025-01-13,,Sudan,SDN,North Darfur State,13.6,25.3,(2) 25 km Precision ,Abu Shouk Camp,Multiple,"Armed group, Sudan Police Force",Firearms,Targetted Attack on Camp,No Direct Victim Reported,No Direct Victim Reported,No Direct Victim Reported,0,0,0,0,0,0,0,0,0,0,0,96793
2025-01-11,,Sudan,SDN,North Darfur State,13.6,25.3,(2) 25 km Precision ,Abu Shouk Camp,NSA,Rapid Support Forces,Artillery,Airstrike/Shelling,Camp Resident,No Information,Adult,0,1,8,1,0,0,0,0,0,0,0,96769
2025-01-11,,Sudan,SDN,North Darfur State,13.4,25.3,(2) 25 km Precision ,Zamzam Camp,NSA,Rapid Support Forces,Artillery,Airstrike/Shelling,Camp Resident,No Information,Adult,0,1,16,42,0,0,0,0,0,0,0,96770
2025-01-10,,Sudan,SDN,North Darfur State,13.6,25.3,(2) 25 km Precision ,Abu Shouk Camp,NSA,Rapid Support Forces,Artillery,Airstrike/Shelling,Camp Resident,No Information,Adult,0,1,10,4,0,0,0,0,0,0,0,96768
2025-01-08,,Sudan,SDN,North Darfur,14.1,24.5,(2) 25 km Precision ,Fata Borno Camp,Host Government: Military,Sudanese Armed Forces,Aerial Bomb: Plane,Airstrike/Shelling,Camp Resident,No Information,Adult,0,1,6,1,0,0,0,0,0,0,0,96767
2025-01-07,,Sudan,SDN,North Darfur State,13.6,25.3,(2) 25 km Precision ,Abu Shouk Camp,NSA,Rapid Support Forces,Artillery,Airstrike/Shelling,Camp Resident,No Information,Adult,0,1,1,1,0,0,0,0,0,0,0,96766
2025-01-06,,Sudan,SDN,North Darfur State,13.6,25.3,(2) 25 km Precision ,Abu Shouk Camp,NSA,Rapid Support Forces,Artillery,Airstrike/Shelling,Camp Resident,No Information,Adult,0,1,1,1,0,0,0,0,0,0,0,96765
2025-01-05,,Sudan,SDN,North Darfur,14.1,24.5,(2) 25 km Precision ,Fata Borno Camp,Host Government: Military,Sudanese Armed Forces,Aerial Bomb: Plane,Airstrike/Shelling,Camp Resident,Multiple,Adult,0,1,4,3,0,0,0,0,0,0,0,96764
2025-01-04,,Sudan,SDN,North Darfur State,13.4,25.3,(2) 25 km Precision ,Zamzam Camp,NSA,Rapid Support Forces,Artillery,Airstrike/Shelling,Camp Resident,No Information,Adult,0,1,2,2,0,0,0,0,0,0,0,96763
2025-01-04,,Sudan,SDN,North Darfur State,13.6,25.3,(2) 25 km Precision ,Abu Shouk Camp,Host Government: Military,Sudanese Armed Forces,Aerial Bomb: Drone,Airstrike/Shelling,Camp Resident,No Information,Minor,0,1,2,0,0,0,0,0,0,0,0,89403
2025-01-03,,Sudan,SDN,North Darfur State,13.6,25.3,(2) 25 km Precision ,Abu Shouk Camp,Host Government: Military,Sudanese Armed Forces,Aerial Bomb: Plane,Airstrike/Shelling,Camp Resident,No Information,Adult,0,1,1,1,0,0,0,0,0,0,0,96761
2025-01-03,,Sudan,SDN,North Darfur State,13.6,25.3,(2) 25 km Precision ,Abu Shouk Camp,NSA,Rapid Support Forces,Artillery,Airstrike/Shelling,Camp Resident,No Information,Adult,0,1,1,1,0,0,0,0,0,0,0,96762
2025-01-02,,Sudan,SDN,North Darfur State,13.6,25.3,(2) 25 km Precision ,Abu Shouk Camp,NSA,Rapid Support Forces,Artillery,Airstrike/Shelling,Camp Resident,No Information,Adult,0,1,1,1,0,0,0,0,0,0,0,96804
2025-01-02,,Sudan,SDN,North Darfur State,13.4,25.3,(2) 25 km Precision ,Zamzam Camp,NSA,Rapid Support Forces,Shelling,Airstrike/Shelling,Camp Resident,No Information,Adult,0,1,4,0,0,0,0,0,0,0,0,96760
2025-01-01,,Sudan,SDN,North Darfur State,13.6,25.3,(2) 25 km Precision ,Abu Shouk Camp,NSA,Rapid Support Forces,Shelling,Airstrike/Shelling,Camp Resident,No Information,Adult,0,1,1,1,0,0,0,0,0,0,0,96759
2024-12-31,,Sudan,SDN,North Darfur State,13.6,25.3,(2) 25 km Precision ,None,NSA,Rapid Support Forces,Artillery,Airstrike/Shelling,Camp Resident,No Information,Adult,0,1,10,18,0,0,0,0,0,0,0,88209
2024-12-31,,Sudan,SDN,North Darfur State,13.6,25.3,(2) 25 km Precision ,Abu Shouk Camp,NSA,Rapid Support Forces,Artillery,Airstrike/Shelling,,Multiple,No Information About Age,0,0,0,0,0,0,0,0,0,0,0,89573
2024-12-30,,Sudan,SDN,North Darfur State,13.6,25.3,(2) 25 km Precision ,Abu Shouk Camp,NSA,Rapid Support Forces,Shelling,Airstrike/Shelling,Camp Resident,No Information,Adult,0,1,4,9,0,0,0,0,0,0,0,96758
2024-12-28,,Sudan,SDN,North Darfur State,13.4,25.4,(2) 25 km Precision ,Temporary/Makeshift Site,NSA,Rapid Support Forces,Aerial Bomb: Drone,Airstrike/Shelling,Camp Resident,No Information,Adult,0,0,0,0,0,0,0,0,0,0,0,86809
2024-12-26,,Sudan,SDN,North Darfur State,13.6,25.3,(2) 25 km Precision ,Abu Shouk Camp,NSA,Rapid Support Forces,Artillery,Airstrike/Shelling,Camp Resident,No Information,Adult,0,1,3,1,0,0,0,0,0,0,0,88194
2024-12-26,,Sudan,SDN,North Darfur State,16,26,"(4) Province, State, Governorate ",None,NSA,Rapid Support Forces,Missile,Airstrike/Shelling,Camp Resident,No Information,Adult,0,1,10,1,0,0,0,0,0,0,0,88206
2024-12-24,,Sudan,SDN,North Darfur State,13.4,25.3,(2) 25 km Precision ,Zamzam Camp,NSA,Rapid Support Forces,Shelling,Airstrike/Shelling,Camp Resident,No Information,Adult,0,1,0,0,0,0,0,0,0,0,0,96756
2024-12-24,,Sudan,SDN,North Darfur State,13.6,25.3,(2) 25 km Precision ,Abu Shouk Camp,Multiple,"Darfur rebels, Rapid Support Forces",Shelling,Airstrike/Shelling,Camp Resident,No Information,Adult,0,1,4,6,0,0,0,0,0,0,0,96757
2024-12-22,,Sudan,SDN,North Darfur State,13.6,25.3,(2) 25 km Precision ,Abu Shouk Camp,NSA,Rapid Support Forces,Artillery,Airstrike/Shelling,Camp Resident,No Information,Adult,0,1,8,8,0,0,0,0,0,0,0,96792
2024-12-22,,Sudan,SDN,North Darfur State,13.4,25.3,(2) 25 km Precision ,Zamzam Camp,NSA,Rapid Support Forces,Artillery,Airstrike/Shelling,Camp Resident,No Information,Adult,0,1,1,1,0,0,0,0,0,0,0,96791
2024-12-19,,Sudan,SDN,North Darfur State,13.4,25.3,(2) 25 km Precision ,Zamzam Camp,NSA,Rapid Support Forces,Shelling,Airstrike/Shelling,No Direct Victim Reported,No Direct Victim Reported,No Direct Victim Reported,0,1,0,0,0,0,0,0,0,0,0,88167
2024-12-18,,Sudan,SDN,North Darfur State,13.4,25.3,(2) 25 km Precision ,Zamzam Camp,NSA,Rapid Support Forces,Shelling,Airstrike/Shelling,Camp Resident,No Information,Adult,0,1,1,1,0,0,0,0,0,0,0,96755
2024-12-17,,Sudan,SDN,South Darfur State,12,24.8,(2) 25 km Precision ,Temporary/Makeshift Site,Host Government: Military,Sudanese Armed Forces,Aerial Bomb: Plane,Airstrike/Shelling,No Direct Victim Reported,No Direct Victim Reported,No Direct Victim Reported,0,1,0,0,0,0,0,0,0,0,0,96751
2024-12-17,,Sudan,SDN,South Darfur State,12,24.8,(2) 25 km Precision ,Temporary/Makeshift Site,Host Government: Military,Sudanese Armed Forces,Aerial Bomb: Plane,Airstrike/Shelling,"Camp Resident, Camp Resident Child",No Information,Minor,0,0,0,0,0,0,0,0,0,0,0,87871
2024-12-14,,Sudan,SDN,North Darfur State,13.6,25.3,"(3) District, Communicipality or Commune ",None,NSA,Rapid Support Forces,Shelling,Airstrike/Shelling,Camp Resident,No Information,Multiple,0,1,7,11,0,0,0,0,0,0,0,87942
2024-12-12,,Sudan,SDN,North Darfur State,13.6,25.3,(2) 25 km Precision ,Abu Shouk Camp,Multiple,"Militia, Rapid Support Forces",Artillery,Airstrike/Shelling,Camp Resident,No Information,Adult,0,1,0,1,0,0,0,0,0,0,0,88204
2024-12-12,,Sudan,SDN,North Darfur State,13.6,25.3,(2) 25 km Precision ,Unnamed Camp,NSA,Rapid Support Forces,Firearms,Targetted Attack on Camp,Camp Resident,No Information,Adult,0,1,0,1,0,0,0,0,0,0,0,88192
2024-12-11,,Sudan,SDN,North Darfur State,13.4,25.3,(2) 25 km Precision ,Zamzam Camp,NSA,Rapid Support Forces,Artillery,Airstrike/Shelling,Camp Resident,No Information,Multiple,0,1,15,64,0,0,0,0,0,0,0,87941
2024-12-10,,Sudan,SDN,North Darfur State,13.4,25.3,(2) 25 km Precision ,Zamzam Camp,NSA,Rapid Support Forces,Artillery,Airstrike/Shelling,Camp Resident,No Information,Multiple,0,1,9,1,0,0,0,0,0,0,0,87940
2024-12-08,,Sudan,SDN,North Darfur State,13.9,23.7,"(3) District, Communicipality or Commune ",Unnamed Camp,Host Government: Military,Sudanese Armed Forces,Aerial Bomb: Plane,Airstrike/Shelling,Camp Resident,No Information,Adult,0,1,27,0,0,0,0,0,0,0,0,88188
2024-12-06,,Sudan,SDN,North Darfur State,13.4,25.3,(2) 25 km Precision ,Zamzam Camp,NSA,Rapid Support Forces,Shelling,Airstrike/Shelling,No Direct Victim Reported,No Direct Victim Reported,No Direct Victim Reported,0,1,0,0,0,0,0,0,0,0,0,88166
2024-12-05,,Sudan,SDN,North Darfur State,13.6,25.3,(2) 25 km Precision ,Abu Shouk Camp,NSA,Rapid Support Forces,Artillery,Airstrike/Shelling,Camp Resident,No Information,Adult,0,1,1,0,0,0,0,0,0,0,0,88203
2024-12-04,,Sudan,SDN,North Darfur State,13.4,25.3,(2) 25 km Precision ,Zamzam Camp,NSA,Rapid Support Forces,Shelling,Airstrike/Shelling,Camp Resident,No Information,Multiple,0,1,8,1,0,0,0,0,0,0,0,88163
2024-12-03,,Sudan,SDN,North Darfur State,13.4,25.3,(2) 25 km Precision ,Zamzam Camp,NSA,Rapid Support Forces,Artillery,Airstrike/Shelling,Camp Resident,No Information,Multiple,0,1,1,1,0,0,0,0,0,0,0,88165
2024-12-02,,Sudan,SDN,North Darfur State,13.6,25.3,(2) 25 km Precision ,Abu Shouk Camp,Multiple,"Militia, Rapid Support Forces",Artillery,Airstrike/Shelling,Camp Resident,No Information,Adult,0,1,1,1,0,0,0,0,0,0,0,88201
2024-12-02,,Sudan,SDN,North Darfur State,13.4,25.3,(2) 25 km Precision ,Zamzam Camp,NSA,Rapid Support Forces,Artillery,Airstrike/Shelling,Camp Resident,Multiple,Multiple,0,1,8,13,0,0,0,0,0,0,0,87939
2024-12-01,,Sudan,SDN,North Darfur State,13.6,25.3,(2) 25 km Precision ,Abu Shouk Camp,Multiple,"Militia, Rapid Support Forces",Shelling,Airstrike/Shelling,No Direct Victim Reported,No Direct Victim Reported,No Direct Victim Reported,0,1,0,0,0,0,0,0,0,0,0,88196
2024-12-01,,Sudan,SDN,North Darfur State,13.4,25.3,(2) 25 km Precision ,Zamzam Camp,NSA,Rapid Support Forces,Shelling,Airstrike/Shelling,No Direct Victim Reported,No Direct Victim Reported,No Direct Victim Reported,0,0,0,0,0,0,0,0,0,0,0,87016
2024-12-01,,Sudan,SDN,North Darfur State,13.4,25.3,(2) 25 km Precision ,Zamzam Camp,NSA,Rapid Support Forces,Shelling,Airstrike/Shelling,No Direct Victim Reported,No Direct Victim Reported,No Direct Victim Reported,0,0,0,0,0,0,0,0,0,0,0,87014
2024-12-01,,Sudan,SDN,North Darfur State,13.4,25.3,(2) 25 km Precision ,Zamzam Camp,NSA,Rapid Support Forces,Artillery,Airstrike/Shelling,No Direct Victim Reported,No Direct Victim Reported,No Direct Victim Reported,0,1,0,0,0,0,0,0,0,0,0,88157
2024-11-29,,Sudan,SDN,South Darfur State,12,25,(2) 25 km Precision ,Kalma Refugee Camp,NSA,Rapid Support Forces,Aerial Bomb: Drone,Airstrike/Shelling,No Direct Victim Reported,No Direct Victim Reported,No Direct Victim Reported,0,0,0,0,0,0,0,0,0,0,0,86808
2024-11-25,,Sudan,SDN,North Darfur State,13.6,25.3,(2) 25 km Precision ,Abu Shouk Camp,NSA,Rapid Support Forces,Shelling,Airstrike/Shelling,Camp Resident,No Information,Adult,0,0,7,1,0,0,0,0,0,0,0,88426
2024-11-23,,Sudan,SDN,North Darfur State,13.6,25.3,(2) 25 km Precision ,Abu Shouk Camp,Multiple,"Armed group, Rapid Support Forces","Artillery, Firearms",Airstrike/Shelling,Aid Worker,No Information,Multiple,0,0,0,0,0,0,0,0,0,0,0,87012
2024-11-23,,Sudan,SDN,North Darfur State,13.6,25.3,(2) 25 km Precision ,Abu Shouk Camp,NSA,Rapid Support Forces,Artillery,Airstrike/Shelling,Camp Resident,No Information,Adult,0,1,8,8,0,0,0,0,0,0,0,88413
2024-11-22,,Sudan,SDN,North Darfur State,13.6,25.3,(2) 25 km Precision ,Abu Shouk Camp,NSA,Rapid Support Forces,Shelling,Airstrike/Shelling,Camp Resident,No Information,Adult,0,1,0,6,0,0,0,0,0,0,0,88412
2024-11-14,,Sudan,SDN,North Darfur State,13.6,25.3,(2) 25 km Precision ,Abu Shouk Camp,NSA,Rapid Support Forces,Shelling,Airstrike/Shelling,Camp Resident,No Information,Adult,0,0,1,0,0,0,0,0,0,0,0,88409
2024-11-11,,Sudan,SDN,North Darfur State,13.6,25.3,(2) 25 km Precision ,Abu Shouk Camp,NSA,Rapid Support Forces,Shelling,Airstrike/Shelling,Camp Resident,No Information,Adult,0,0,1,0,0,0,0,0,0,0,0,88408
2024-11-09,,Sudan,SDN,North Darfur State,13.6,25.3,"(3) District, Communicipality or Commune ",None,NSA,Rapid Support Forces,Shelling,Airstrike/Shelling,Camp Resident,No Information,Adult,0,0,3,5,0,0,0,0,0,0,0,88384
2024-11-09,,Sudan,SDN,North Darfur State,13.6,25.3,(2) 25 km Precision ,Abu Shouk Camp,NSA,Rapid Support Forces,Shelling,Airstrike/Shelling,Camp Resident,No Information,Multiple,0,0,2,6,0,0,0,0,0,0,0,88406
2024-11-05,,Sudan,SDN,North Darfur State,13.6,25.3,(2) 25 km Precision ,Abu Shouk Camp,Multiple,"Armed group, Rapid Support Forces","Not Applicable: No Direct Violence, Shelling",Airstrike/Shelling,Camp Resident,No Information,Adult,0,1,0,2,0,0,0,0,0,0,0,88383
2024-11-04,,Sudan,SDN,North Darfur State,13.6,25.3,(2) 25 km Precision ,Abu Shouk Camp,NSA,Rapid Support Forces,Shelling,Airstrike/Shelling,Camp Resident,No Information,Adult,0,0,0,1,0,0,0,0,0,0,0,88375
2024-11-01,,Sudan,SDN,North Darfur State,13.6,25.3,(2) 25 km Precision ,Abu Shouk Camp,NSA,Rapid Support Forces,Shelling,Airstrike/Shelling,Camp Resident,,Adult,0,0,2,5,0,0,0,0,0,0,0,87842
2024-11-01,,Sudan,SDN,North Darfur State,13.6,25.3,(2) 25 km Precision ,Abu Shouk Camp,NSA,Rapid Support Forces,Shelling,Airstrike/Shelling,Camp Resident,No Information,Adult,0,1,2,5,0,0,0,0,0,0,0,88373
2024-10-26,,Sudan,SDN,Khartoum State,15.6,32.4,"(3) District, Communicipality or Commune ",Unnamed Camp,NSA,Rapid Support Forces,Artillery,Airstrike/Shelling,Camp Resident,No Information,Adult,0,1,1,1,0,0,0,0,0,0,0,86297
2024-10-24,,Sudan,SDN,North Darfur State,13.6,25.3,(2) 25 km Precision ,Abu Shouk Camp,NSA,Rapid Support Forces,Aerial Bomb: Plane,Airstrike/Shelling,Camp Resident,No Information,Adult,0,1,3,1,0,0,0,0,0,0,0,86295
2024-10-20,,Sudan,SDN,Central Darfur State,12.9,23.4,(2) 25 km Precision ,Hasahisa Camp,No Information,"Unidentified, no further information available",Firearms,Looting,Camp Resident,No Information,Adult,0,0,0,0,0,0,0,0,0,0,0,86294
2024-10-13,,Sudan,SDN,North Darfur State,13.6,25.3,(2) 25 km Precision ,Abu Shouk Camp,NSA,Rapid Support Forces,Shelling,Airstrike/Shelling,Camp Resident,No Information,Adult,0,1,0,1,0,0,0,0,0,0,0,86293
2024-10-13,,Sudan,SDN,South Darfur State,12,25,(2) 25 km Precision ,Kalma Refugee Camp,NSA,Armed group,Firearms,Aid Obstructed,No Direct Victim Reported,No Direct Victim Reported,No Direct Victim Reported,0,0,0,0,0,0,0,0,0,0,0,86292
2024-10-08,,Sudan,SDN,Central Darfur State,12.9,23.4,(2) 25 km Precision ,Hamidiya Camp,NSA,Rapid Support Forces,Firearms,Camp Resident Attacked/Killed,Camp Resident,No Information,Adult,0,0,2,0,0,0,0,0,0,0,0,86291
2024-10-07,,Sudan,SDN,North Darfur State,13.6,25.3,(2) 25 km Precision ,Abu Shouk Camp,NSA,Rapid Support Forces,Artillery,Airstrike/Shelling,Camp Resident,No Information,Adult,0,1,10,8,0,0,0,0,0,0,0,86289
2024-10-06,,Sudan,SDN,North Darfur State,14.2,24.6,(2) 25 km Precision ,Kassab Camp,NSA,Rapid Support Forces,Firearms,Camp Resident Arrested,Camp Resident,No Information,Adult,0,0,0,0,0,1,0,0,0,0,0,86155
2024-10-06,,Sudan,SDN,North Darfur State,13.6,25.3,(2) 25 km Precision ,Abu Shouk Camp,NSA,Rapid Support Forces,Shelling,Airstrike/Shelling,Camp Resident,No Information,Adult,0,1,1,1,0,0,0,0,0,0,0,86290
2024-10-02,,Sudan,SDN,North Darfur State,14.2,24.6,(2) 25 km Precision ,Kassab Camp,NSA,Rapid Support Forces,Firearms,Camp Resident Arrested,Camp Resident,Male,Adult,0,0,0,0,0,1,0,0,0,0,0,86153
2024-09-27,,Sudan,SDN,South Darfur State,12,25,(2) 25 km Precision ,Kalma Refugee Camp,NSA,Armed group,Firearms,Camp Resident Kidnapped,Camp Resident,Male,Minor,0,0,0,0,1,0,0,0,0,0,0,86101
2024-09-26,,Sudan,SDN,North Darfur State,13.6,25.3,(2) 25 km Precision ,Temporary/Makeshift Site,NSA,Rapid Support Forces,Artillery,Airstrike/Shelling,No Direct Victim Reported,No Direct Victim Reported,No Direct Victim Reported,0,0,0,0,0,0,0,0,0,0,0,86100
2024-09-21,,Sudan,SDN,Khartoum State,15.6,32.4,(2) 25 km Precision ,Temporary/Makeshift Site,NSA,Rapid Support Forces,Artillery,Airstrike/Shelling,Camp Resident,No Information,Minor,0,0,0,0,0,0,0,0,0,0,0,86087
2024-09-16,,Sudan,SDN,North Darfur State,13.3,25.2,(2) 25 km Precision ,Unnamed Camp,NSA,Rapid Support Forces,Firearms,Aid Obstructed,No Direct Victim Reported,No Direct Victim Reported,No Direct Victim Reported,0,0,0,0,0,0,0,0,0,0,0,91823
2024-09-10,,Sudan,SDN,North Darfur State,13.4,25.3,(2) 25 km Precision ,Zamzam Camp,NSA,Rapid Support Forces,Firearms,Targetted Attack on Camp,Camp Resident,No Information,Adult,0,0,0,0,0,1,0,0,0,0,0,84972
2024-09-06,,Sudan,SDN,Central Darfur State,11.9,23.1,(2) 25 km Precision ,Mukjar Camp,NSA,Rapid Support Forces,Firearms,Camp Resident Attacked/Killed,Camp Resident,No Information,Adult,0,0,1,0,0,0,0,0,0,0,0,84836
2024-09-04,,Sudan,SDN,Khartoum State,15.5,32.5,"(3) District, Communicipality or Commune ",None,NSA,Rapid Support Forces,Firearms,None,No Direct Victim Reported,No Direct Victim Reported,No Direct Victim Reported,0,0,0,0,0,0,0,0,0,0,0,82237
2024-09-01,,Sudan,SDN,North Darfur State,13.6,25.3,(2) 25 km Precision ,Abu Shouk Camp,NSA,Rapid Support Forces,Aerial Bomb: Plane,Airstrike/Shelling,Camp Resident,No Information,Adult,0,1,1,1,0,0,0,0,0,0,0,84835
2024-09-01,,Sudan,SDN,North Darfur State,13.4,25.3,(2) 25 km Precision ,Zamzam Camp,NSA,Rapid Support Forces,Firearms,Aid Obstructed,No Direct Victim Reported,No Direct Victim Reported,No Direct Victim Reported,0,0,0,0,0,0,0,0,0,0,0,86104
2024-08-31,,Sudan,SDN,Central Darfur State,12.8,23.5,(2) 25 km Precision ,Khamsa Digaig Camp,Host Government: Military,Sudanese Armed Forces,Aerial Bomb: Plane,Airstrike/Shelling,Camp Resident,No Information,Adult,0,1,5,1,0,0,0,0,0,0,0,84834
2024-08-26,,Sudan,SDN,North Darfur State,13.6,25.3,(2) 25 km Precision ,Abu Shouk Camp,NSA,Rapid Support Forces,Aerial Bomb: Plane,Airstrike/Shelling,Camp Resident,No Information,Adult,0,1,25,40,0,0,0,0,0,0,0,78310
2024-08-26,,Sudan,SDN,Khartoum State,15.6,32.4,(2) 25 km Precision ,None,NSA,Rapid Support Forces,Aerial Bomb: Plane,Airstrike/Shelling,Camp Resident,No Information,Adult,0,1,1,1,0,0,0,0,0,0,0,78046
2024-08-23,,Sudan,SDN,East Darfur State,11.2,26.5,(2) 25 km Precision ,None,NSA,Armed men,Firearms,Targetted Attack on Camp,Camp Resident,Female,Adult,0,0,0,0,0,0,0,0,0,0,0,78013
2024-08-22,,Sudan,SDN,North Darfur State,13.4,25.3,(2) 25 km Precision ,Zamzam Camp,NSA,Armed group,Unspecified Explosive,Targetted Attack on Camp,No Direct Victim Reported,No Direct Victim Reported,No Direct Victim Reported,0,1,0,0,0,0,0,0,0,0,0,84120
2024-08-22,,Sudan,SDN,North Darfur State,13.4,25.3,(2) 25 km Precision ,Zamzam Camp,No Information,"Unidentified, no further information available",Unspecified Explosive,Targetted Attack on Camp,No Direct Victim Reported,No Direct Victim Reported,No Direct Victim Reported,0,1,0,0,0,0,0,0,0,0,0,84776
2024-08-17,,Sudan,SDN,North Darfur State,13.6,25.3,(2) 25 km Precision ,Abu Shouk Camp,NSA,Rapid Support Forces,Firearms,Aid Obstructed,No Direct Victim Reported,No Direct Victim Reported,No Direct Victim Reported,0,0,0,0,0,0,0,0,0,0,0,76990
2024-08-12,,Sudan,SDN,North Darfur State,13.6,25.3,(2) 25 km Precision ,Abu Shouk Camp,NSA,Rapid Support Forces,Aerial Bomb: Plane,Airstrike/Shelling,Camp Resident,No Information,Adult,0,1,0,8,0,0,0,0,0,0,0,77980
2024-08-10,,Sudan,SDN,Khartoum State,15.6,32.4,"(3) District, Communicipality or Commune ",Temporary/Makeshift Site,NSA,Rapid Support Forces,Aerial Bomb: Drone,Airstrike/Shelling,Camp Resident,Male,Adult,0,0,0,0,0,0,0,0,0,0,0,75769
2024-08-04,,Sudan,SDN,North Darfur State,13.4,25.3,(2) 25 km Precision ,Zamzam Camp,Host Government: Military,Sudanese Armed Forces,Aerial Bomb: Plane,Airstrike/Shelling,Camp Resident,No Information,Minor,0,1,0,4,0,0,0,0,0,0,0,84422
2024-08-02,,Sudan,SDN,North Darfur State,14.1,25.9,(2) 25 km Precision ,Abuja Ghareb Camp,Host Government: Military,Sudanese Armed Forces,Aerial Bomb: Plane,Airstrike/Shelling,Camp Resident,No Information,Adult,0,1,13,1,0,0,0,0,0,0,0,76957
2024-08-01,,Sudan,SDN,North Darfur State,14.1,25.9,(2) 25 km Precision ,Abuja Shareg Camp,NSA,Rapid Support Forces,Aerial Bomb: Plane,Airstrike/Shelling,Camp Resident,No Information,Adult,0,1,7,0,0,0,0,0,0,0,0,76891
2024-08-01,,Sudan,SDN,North Darfur State,13.6,25.3,(2) 25 km Precision ,None,NSA,Rapid Support Forces,Shelling,Airstrike/Shelling,Camp Resident,No Information,Multiple,0,0,0,0,0,0,0,0,0,0,0,68115
2024-07-30,,Sudan,SDN,North Darfur State,13.6,25.3,(2) 25 km Precision ,Abu Shouk Camp,Host Government: Military,Sudanese Armed Forces,Artillery,Airstrike/Shelling,Camp Resident,No Information,Adult,0,1,0,3,0,0,0,0,0,0,0,68180
2024-07-28,,Sudan,SDN,North Darfur State,13.6,25.3,(2) 25 km Precision ,Abu Shouk Camp,NSA,Rapid Support Forces,Firearms,Aid Obstructed,Camp Resident,Male,Adult,0,0,1,0,0,0,0,0,0,0,0,75737
2024-07-25,,Sudan,SDN,North Darfur State,13.6,25.3,(2) 25 km Precision ,Abu Shouk Camp,NSA,Rapid Support Forces,Artillery,Airstrike/Shelling,Camp Resident,Multiple,Adult,0,1,2,8,0,0,0,0,0,0,0,68476
2024-07-09,,Sudan,SDN,North Darfur,14.1,25.9,(2) 25 km Precision ,Abuja Ghareb Camp,NSA,Armed men,Firearms,None,Camp Resident,Female,Minor,0,0,0,0,0,0,0,0,0,0,0,68179
2024-07-05,,Sudan,SDN,North Darfur State,13.6,25.3,(2) 25 km Precision ,Abu Shouk Camp,NSA,Armed group,Artillery,Airstrike/Shelling,Camp Resident,No Information,Minor,0,0,2,10,0,0,0,0,0,0,0,68149
2024-06-29,,Sudan,SDN,North Darfur State,13.6,25.3,(2) 25 km Precision ,Abu Shouk Camp,NSA,Rapid Support Forces,Artillery,Airstrike/Shelling,Camp Resident,,Adult,0,1,3,24,0,0,0,0,0,0,0,56432
2024-06-28,,Sudan,SDN,North Darfur State,13.6,25.3,(2) 25 km Precision ,Abu Shouk Camp,NSA,Rapid Support Forces,Shelling,Airstrike/Shelling,Camp Resident,,Adult,0,1,1,0,0,0,0,0,0,0,0,68873
2024-06-27,,Sudan,SDN,North Darfur State,13.6,25.3,(2) 25 km Precision ,Abu Shouk Camp,NSA,Rapid Support Forces,Artillery,Airstrike/Shelling,No Direct Victim Reported,No Direct Victim Reported,No Direct Victim Reported,0,1,0,0,0,0,0,0,0,0,0,60688
2024-06-19,,Sudan,SDN,North Darfur State,13.6,25.3,(2) 25 km Precision ,Abu Shouk Camp,NSA,Rapid Support Forces,Unspecified Explosive,Targetted Attack on Camp,Camp Resident,,Adult,0,1,14,24,0,0,0,0,0,0,0,56431
2024-06-18,,Sudan,SDN,North Darfur State,13.6,25.3,(2) 25 km Precision ,Abu Shouk Camp,NSA,Rapid Support Forces,Firearms,Targetted Attack on Camp,Camp Resident,No Information,Adult,0,0,5,26,0,0,0,0,0,0,0,56365
2024-06-18,,Sudan,SDN,North Darfur State,13.6,25.3,(2) 25 km Precision ,Abu Shouk Camp,NSA,Rapid Support Forces,Artillery,Airstrike/Shelling,Aid Worker,Female,Adult,0,1,0,0,0,0,0,1,0,0,0,56398
2024-06-15,,Sudan,SDN,North Darfur State,13.4,25.3,(2) 25 km Precision ,Zamzam Camp,Multiple,"Rapid Support Forces, Sudanese Armed Forces",Firearms,Clashes In/Around Camp,No Direct Victim Reported,No Direct Victim Reported,No Direct Victim Reported,0,0,0,0,0,0,0,0,0,0,0,61249
2024-06-08,,Sudan,SDN,North Darfur State,13.6,25.3,(2) 25 km Precision ,Abu Shouk Camp,No Information,NoInformation,Shelling,Airstrike/Shelling,"Health Worker , Camp Resident, Unspecified",No Information,Multiple,0,0,0,0,0,0,0,0,0,0,0,52537
2024-05-29,,Sudan,SDN,South Darfur State,12,25,(2) 25 km Precision ,Kalma Refugee Camp,No Information,"Unidentified, no further information available",Firearms,Aid Obstructed,Camp Resident,No Information,Adult,0,0,1,0,0,0,0,0,0,0,0,56002
2024-05-23,,Sudan,SDN,North Darfur State,13.6,25.3,(2) 25 km Precision ,Abu Shouk Camp,Multiple,"Rapid Support Forces, Sudanese Armed Forces",Firearms,Targetted Attack on Camp,No Direct Victim Reported,No Direct Victim Reported,No Direct Victim Reported,0,1,0,0,0,0,0,0,0,0,0,54254
2024-05-22,,Sudan,SDN,North Darfur State,13.6,25.3,(2) 25 km Precision ,Abu Shouk Camp,NSA,Rapid Support Forces,Firearms,Targetted Attack on Camp,Camp Resident,No Information,Adult,0,0,1,0,0,1,0,0,0,0,0,48544
2024-05-20,,Sudan,SDN,North Darfur State,13.6,25.3,(2) 25 km Precision ,Abu Shouk Camp,NSA,Rapid Support Forces,Unspecified Explosive,Targetted Attack on Camp,Camp Resident,No Information,Adult,0,1,1,1,0,0,0,0,0,0,0,54093
2024-05-12,,Sudan,SDN,North Darfur State,13.6,25.3,"(3) District, Communicipality or Commune ",None,Multiple,"Rapid Support Forces, Sudanese Armed Forces",Firearms,Targetted Attack on Camp,No Direct Victim Reported,No Direct Victim Reported,No Direct Victim Reported,0,0,0,0,0,0,0,0,0,0,0,48315
2024-05-12,,Sudan,SDN,North Darfur State,13.6,25.3,(2) 25 km Precision ,Abu Shouk Camp,No Information,"Unidentified, no further information available",Unspecified Explosive,Targetted Attack on Camp,Camp Resident,No Information,Adult,0,1,9,65,0,0,0,0,0,0,0,48511
2024-05-10,,Sudan,SDN,North Darfur State,13.6,25.3,(2) 25 km Precision ,Abu Shouk Camp,Multiple,"Rapid Support Forces, Sudanese Armed Forces",Shelling,Airstrike/Shelling,Camp Resident,Multiple,Multiple,0,1,9,45,0,0,0,0,0,0,0,54253
2024-05-04,,Sudan,SDN,South Darfur State,12.2,24.7,(2) 25 km Precision ,None,No Information,"Unidentified, no further information available",UXO,Targetted Attack on Camp,Camp Resident,No Information,Multiple,0,1,1,2,0,0,0,0,0,0,0,54090
2024-04-30,,Sudan,SDN,North Darfur State,13.6,25.3,(2) 25 km Precision ,Abu Shouk Camp,NSA,Armed men,Firearms,Targetted Attack on Camp,Camp Resident,No Information,Adult,0,0,0,1,0,0,0,0,0,0,0,48207
2024-04-16,,Sudan,SDN,North Darfur State,13.6,25.3,(2) 25 km Precision ,Abu Shouk Camp,Multiple,"Rapid Support Forces, Sudanese Armed Forces",No Information on the Weapon Used,Targetted Attack on Camp,Camp Resident,No Information,Adult,0,0,1,3,0,0,0,0,0,0,0,47062
2024-04-14,,Sudan,SDN,North Darfur State,13.6,25.3,(2) 25 km Precision ,Abu Shouk Camp,NSA,Armed group,Artillery,Airstrike/Shelling,Camp Resident,No Information,Adult,0,1,1,0,0,0,0,0,0,0,0,47063
2024-04-14,,Sudan,SDN,North Darfur State,13.6,25.3,(2) 25 km Precision ,Abu Shouk Camp,No Information,"Unidentified, no further information available",Hand Grenade,Targetted Attack on Camp,Camp Resident,No Information,Adult,0,1,1,0,0,0,0,0,0,0,0,47089
2024-04-13,,Sudan,SDN,North Darfur State,13.4,25.3,(2) 25 km Precision ,Zamzam Camp,NSA,Rapid Support Forces,Firearms,Aid Obstructed,No Direct Victim Reported,No Direct Victim Reported,No Direct Victim Reported,0,0,0,0,0,0,0,0,0,0,0,76924
2024-04-04,,Sudan,SDN,Central Darfur State,11.1,22.9,(2) 25 km Precision ,Not Applicable,NSA,Armed men,Firearms,Violence Against Aid Operator,Aid Worker,Male,Adult,0,0,0,0,0,0,0,0,1,0,0,46334
2024-03-28,,Sudan,SDN,West Darfur,12.9,22.8,(2) 25 km Precision ,None,NSA,Militia,Firearms,Targetted Attack on Camp,No Direct Victim Reported,No Direct Victim Reported,No Direct Victim Reported,0,0,0,0,0,0,0,0,0,0,0,45950
2024-03-28,,Sudan,SDN,Central Darfur State,13.1,22.9,(2) 25 km Precision ,Um Shalaya Camp,NSA,Militia,Firearms,Targetted Attack on Camp,No Direct Victim Reported,No Direct Victim Reported,No Direct Victim Reported,0,0,0,0,0,0,0,0,0,0,0,45949
2024-03-20,,Sudan,SDN,North Darfur State,14.1,25.9,(2) 25 km Precision ,Abuja Ghareb Camp,Multiple,"Rapid Support Forces, Sudanese Armed Forces",Firearms,Targetted Attack on Camp,No Direct Victim Reported,No Direct Victim Reported,No Direct Victim Reported,0,0,0,0,0,0,0,0,0,0,0,46551
2024-03-18,,Sudan,SDN,North Darfur State,13.6,25.3,(2) 25 km Precision ,Abu Shouk Camp,Multiple,"Rapid Support Forces, Sudanese Armed Forces",Shelling,Airstrike/Shelling,Camp Resident,No Information,Adult,0,1,0,3,0,0,0,0,0,0,0,46198
2024-03-10,,Sudan,SDN,North Darfur State,13.6,25.3,(2) 25 km Precision ,Abu Shouk Camp,Multiple,"Rapid Support Forces, Sudanese Armed Forces",Missile,Airstrike/Shelling,Camp Resident,No Information,Multiple,0,0,4,14,0,0,0,0,0,0,0,46194
2024-02-20,,Sudan,SDN,East Darfur State,11.8,26.2,(2) 25 km Precision ,El Neem Camp,Host Government: Military,Sudanese Armed Forces,Aerial Bomb: Plane,Airstrike/Shelling,No Direct Victim Reported,No Direct Victim Reported,No Direct Victim Reported,0,1,0,0,0,0,0,0,0,0,0,44821
2024-02-16,,Sudan,SDN,North Darfur State,13.6,25.3,"(3) District, Communicipality or Commune ",None,Host Government: Military,Sudanese Armed Forces,Aerial Bomb: Plane,Airstrike/Shelling,No Direct Victim Reported,No Direct Victim Reported,No Direct Victim Reported,0,1,0,0,0,0,0,0,0,0,0,45405
2024-02-16,,Sudan,SDN,North Darfur State,14.1,25.9,(2) 25 km Precision ,Abuja Shareg Camp,Host Government: Military,Sudanese Armed Forces,Aerial Bomb: Plane,Airstrike/Shelling,No Direct Victim Reported,No Direct Victim Reported,No Direct Victim Reported,0,1,0,0,0,0,0,0,0,0,0,45403
2024-02-10,,Sudan,SDN,South Darfur,11.7,23.7,(2) 25 km Precision ,El Salam Camp,Multiple,"Rapid Support Forces, Sudanese Armed Forces",Firearms,Targetted Attack on Camp,Camp Resident,No Information,Adult,0,0,0,0,0,0,0,0,0,0,0,44819
2024-02-10,,Sudan,SDN,North Darfur State,14.1,25.9,(2) 25 km Precision ,Abuja Shareg Camp,Multiple,"Rapid Support Forces, Sudanese Armed Forces",Missile,Airstrike/Shelling,Camp Resident,No Information,Adult,0,1,1,1,0,0,0,0,0,0,0,44820
2024-01-09,,Sudan,SDN,North Darfur State,13.6,25.3,(2) 25 km Precision ,Abu Shouk Camp,Multiple,"Rapid Support Forces, Sudanese Armed Forces",Firearms,Clashes In/Around Camp,Camp Resident,Multiple,Multiple,0,0,0,0,0,0,0,0,0,0,0,43452
2023-12-30,,Sudan,SDN,Aj Jazira,14.3,33.5,(2) 25 km Precision ,None,NSA,Armed group,Firearms,Camp Closure,Camp Resident,No Information,Minor,0,0,0,0,0,0,0,0,0,0,0,43352
2023-12-16,,Sudan,SDN,North Darfur State,13.6,25.3,(2) 25 km Precision ,Abu Shouk Camp,Multiple,"Rapid Support Forces, Sudanese Armed Forces",Artillery,Airstrike/Shelling,Camp Resident,Multiple,Adult,0,0,2,8,0,0,0,0,0,0,0,43351
2023-11-22,,Sudan,SDN,River Nile State,16.6,33.4,"(3) District, Communicipality or Commune ",Unnamed Camp,No Information,NoInformation,Firearms,Targetted Attack on Camp,Camp Resident,No Information,Adult,0,0,0,0,0,0,0,0,0,0,0,42969
2023-11-05,,Sudan,SDN,Central Darfur State,12.9,23.4,(2) 25 km Precision ,Unnamed Camp,NSA,Rapid Support Forces,Firearms,Targetted Attack on Camp,Camp Resident,No Information,Adult,0,0,0,0,0,1,0,0,0,0,0,42716
2023-11-04,,Sudan,SDN,West Darfur,13.4,22.4,(2) 25 km Precision ,Ardamata Camp,NSA,Rapid Support Forces,Arson,Camp Arson/Fire,Camp Resident,Multiple,Adult,0,0,108,0,0,0,0,0,0,0,0,42961
2023-11-04,,Sudan,SDN,West Darfur,13.4,22.4,(2) 25 km Precision ,Ardamata Camp,NSA,Rapid Support Forces,Firearms,CRSV in Protection Context,Camp Resident,Female,Adult,0,0,0,0,0,0,4,0,0,0,0,43348
2023-11-04,,Sudan,SDN,West Darfur,13.4,22.4,(2) 25 km Precision ,Ardamata Camp,NSA,Rapid Support Forces,Firearms,Looting,No Direct Victim Reported,No Direct Victim Reported,No Direct Victim Reported,0,0,0,0,0,0,0,0,0,0,0,43347
2023-11-01,,Sudan,SDN,West Darfur,13.4,22.4,(2) 25 km Precision ,Temporary/Makeshift Site,NSA,Armed group,Shelling,Airstrike/Shelling,Camp Resident,No Information,Adult,0,0,0,0,0,0,0,0,0,0,0,63531
2023-10-31,,Sudan,SDN,Central Darfur State,12.9,23.4,(2) 25 km Precision ,Hasahisa Camp,NSA,Rapid Support Forces,Firearms,Targetted Attack on Camp,Camp Resident,No Information,Adult,0,1,0,0,0,0,0,0,0,0,0,42881
2023-10-30,,Sudan,SDN,Central Darfur State,12.9,23.4,(2) 25 km Precision ,Hasahisa Camp,Multiple,"Rapid Support Forces, Sudanese Armed Forces",Artillery,Airstrike/Shelling,Camp Resident,No Information,Multiple,0,1,1,3,0,0,0,0,0,0,0,42851
2023-10-29,,Sudan,SDN,Central Darfur State,12.9,23.4,(2) 25 km Precision ,Hasahisa Camp,NSA,Rapid Support Forces,Firearms,CRSV in Protection Context,Camp Resident,Female,Adult,0,0,0,0,0,0,32,0,0,0,0,42957
2023-10-24,,Sudan,SDN,Central Darfur State,12.9,23.4,(2) 25 km Precision ,Hasahisa Camp,NSA,Rapid Support Forces,No Information on the Weapon Used,Targetted Attack on Camp,Camp Resident,No Information,Adult,0,0,2,2,0,0,0,0,0,0,0,42812
2023-10-24,,Sudan,SDN,Central Darfur State,12.9,23.4,(2) 25 km Precision ,Hasahisa Camp,NSA,Rapid Support Forces,Artillery,Airstrike/Shelling,Camp Resident,No Information,Adult,0,1,2,2,0,0,0,0,0,0,0,42840
2023-10-21,,Sudan,SDN,Central Darfur State,12.9,23.4,(2) 25 km Precision ,Not Applicable,NSA,Rapid Support Forces,No Information on the Weapon Used,Aid Obstructed,No Direct Victim Reported,No Direct Victim Reported,No Direct Victim Reported,0,0,0,0,0,0,0,0,0,0,0,42866
2023-10-20,,Sudan,SDN,Central Darfur State,12.9,23.4,(2) 25 km Precision ,Hasahisa Camp,Multiple,"Rapid Support Forces, Sudanese Armed Forces",Artillery,Airstrike/Shelling,Camp Resident,No Information,Adult,0,1,3,0,0,0,0,0,0,0,0,42809
2023-10-18,,Sudan,SDN,Central Darfur State,12.9,23.4,(2) 25 km Precision ,Not Applicable,NSA,Rapid Support Forces,Firearms,CRSV in Protection Context,Camp Resident,Female,Adult,0,0,0,0,0,0,0,0,0,0,0,42223
2023-10-16,,Sudan,SDN,Central Darfur State,12.9,23.4,(2) 25 km Precision ,Hasahisa Camp,NSA,Rapid Support Forces,No Information on the Weapon Used,Aid Obstructed,Camp Resident,No Information,Adult,0,0,0,0,9,0,0,0,0,0,0,42802
2023-10-15,,Sudan,SDN,Central Darfur State,12.9,23.4,(2) 25 km Precision ,Hamidiya Camp,No Information,"Unidentified, no further information available",Firearms,Education/Health Affected,Health Worker ,No Information,Adult,0,0,0,0,0,0,0,1,0,0,0,42183
2023-10-15,,Sudan,SDN,Central Darfur State,12.9,23.4,(2) 25 km Precision ,Hasahisa Camp,Multiple,"Rapid Support Forces, Sudanese Armed Forces",No Information on the Weapon Used,Targetted Attack on Camp,Camp Resident,No Information,Adult,0,0,0,200,0,0,0,0,0,0,0,42838
2023-10-14,,Sudan,SDN,Central Darfur State,12.9,23.4,(2) 25 km Precision ,Hasahisa Camp,Police,National Intelligence and Security Services (Sudan),No Information on the Weapon Used,Security Operation,Camp Resident,Male,Adult,0,0,0,0,0,1,0,0,0,0,0,42788
2023-10-10,,Sudan,SDN,Central Darfur State,12.9,23.4,(2) 25 km Precision ,Hasahisa Camp,NSA,Rapid Support Forces,Artillery,Airstrike/Shelling,Camp Resident,No Information,Adult,0,1,1,6,0,0,0,0,0,0,0,42780
2023-10-10,,Sudan,SDN,Central Darfur State,13.1,22.9,(2) 25 km Precision ,Um Shalaya Camp,NSA,Rapid Support Forces,No Information on the Weapon Used,Aid Obstructed,No Direct Victim Reported,No Direct Victim Reported,No Direct Victim Reported,0,0,0,0,0,0,0,0,0,0,0,42781
2023-10-09,,Sudan,SDN,Central Darfur State,12.9,23.4,(2) 25 km Precision ,Hasahisa Camp,NSA,Rapid Support Forces,Artillery,Airstrike/Shelling,Camp Resident,No Information,Adult,0,0,20,2,0,0,0,0,0,0,0,42779
2023-10-07,,Sudan,SDN,Central Darfur State,12.9,23.4,(2) 25 km Precision ,Hasahisa Camp,NSA,Rapid Support Forces,Artillery,Airstrike/Shelling,Camp Resident,No Information,No Information About Age,0,1,1,13,0,0,0,0,0,0,0,42778
2023-10-05,,Sudan,SDN,Central Darfur State,12.9,23.4,(2) 25 km Precision ,Hasahisa Camp,NSA,Rapid Support Forces,Artillery,Airstrike/Shelling,Camp Resident,No Information,No Information About Age,0,1,0,1,0,0,0,0,0,0,0,42758
2023-10-02,,Sudan,SDN,Central Darfur State,12.9,23.4,(2) 25 km Precision ,Hasahisa Camp,NSA,Rapid Support Forces,Artillery,Airstrike/Shelling,Camp Resident,No Information,Adult,0,1,5,1,0,0,0,0,0,0,0,43011
2023-10-02,,Sudan,SDN,Central Darfur State,12.9,23.4,(2) 25 km Precision ,Hasahisa Camp,NSA,Rapid Support Forces,Artillery,Airstrike/Shelling,Camp Resident,No Information,No Information About Age,0,1,4,0,0,0,0,0,0,0,0,42757
2023-09-26,,Sudan,SDN,Central Darfur State,12.9,23.4,(2) 25 km Precision ,Hasahisa Camp,Multiple,"Rapid Support Forces, Sudanese Armed Forces",Artillery,Airstrike/Shelling,Camp Resident,No Information,No Information About Age,0,1,6,0,0,0,0,0,0,0,0,42756
2023-09-24,,Sudan,SDN,Central Darfur State,12.9,23.4,(2) 25 km Precision ,Hasahisa Camp,NSA,Rapid Support Forces,Unspecified Explosive,Targetted Attack on Camp,Camp Resident,No Information,No Information About Age,0,1,16,22,0,0,0,0,0,0,0,42787
2023-09-14,,Sudan,SDN,Central Darfur State,12.9,23.4,(2) 25 km Precision ,Hasahisa Camp,NSA,Rapid Support Forces,Shelling,Airstrike/Shelling,No Direct Victim Reported,No Direct Victim Reported,No Direct Victim Reported,0,0,0,0,0,0,0,0,0,0,0,42739
2023-09-09,,Sudan,SDN,North Darfur State,13.6,25.3,(2) 25 km Precision ,Abu Shouk Camp,Multiple,Conflict Party unspecified (South Sudan),Firearms,Targetted Attack on Camp,Camp Resident,No Information,Adult,0,0,10,0,0,0,0,0,0,0,0,42331
2023-09-04,,Sudan,SDN,Central Darfur State,12.9,23.4,(2) 25 km Precision ,Hasahisa Camp,NSA,Rapid Support Forces,Firearms,CRSV in Protection Context,"Camp Resident, Camp Resident Child",Female,Minor,0,0,0,0,0,0,2,0,0,0,0,41217
2023-08-14,,Sudan,SDN,South Darfur,12,24.9,(2) 25 km Precision ,Otash Camp,NSA,Rapid Support Forces,Shelling,Airstrike/Shelling,Camp Resident,No Information,Adult,0,1,3,5,0,0,0,0,0,0,0,41855
2023-08-09,,Sudan,SDN,South Darfur,12,25,(2) 25 km Precision ,Kalma Refugee Camp,NSA,Rapid Support Forces,Firearms,Targetted Attack on Camp,Camp Resident,Female,Adult,0,0,0,0,0,0,0,0,0,0,0,41854
2023-08-09,,Sudan,SDN,South Darfur State,12,25,(2) 25 km Precision ,Kalma Refugee Camp,NSA,Rapid Support Forces,Firearms,CRSV in Protection Context,Camp Resident,Female,Adult,0,0,1,0,0,0,12,0,0,0,0,41232
2023-08-07,,Sudan,SDN,Khartoum State,15.5,32.5,"(3) District, Communicipality or Commune ",None,Host Government: Military,Sudanese Armed Forces Joined Integrated Units,Rocket,Airstrike/Shelling,Camp Resident,No Information,Adult,0,1,0,4,0,0,0,0,0,0,0,41853
2023-07-27,,Sudan,SDN,Central Darfur State,12.9,23.4,(2) 25 km Precision ,Hasahisa Camp,NSA,Rapid Support Forces,Firearms,Targetted Attack on Camp,Camp Resident,No Information,Adult,0,0,4,0,0,0,0,0,0,0,0,40443
2023-07-20,,Sudan,SDN,North Darfur State,13.6,25.3,(2) 25 km Precision ,Abu Shouk Camp,No Information,"Unidentified, no further information available",Firearms,Targetted Attack on Camp,No Direct Victim Reported,No Direct Victim Reported,No Direct Victim Reported,0,0,0,0,0,0,0,0,0,0,0,40444
2023-07-16,,Sudan,SDN,North Darfur State,13.6,25.3,(2) 25 km Precision ,Abu Shouk Camp,No Information,NoInformation,UXO,Targetted Attack on Camp,Unspecified,No Information,Adult,0,0,0,0,0,0,0,0,0,0,0,40445
2023-06-30,,Sudan,SDN,Central Darfur State,12.9,23.4,(2) 25 km Precision ,Hasahisa Camp,No Information,"Unidentified, no further information available",Shelling,Airstrike/Shelling,"Camp Resident, Journalist",Female,Adult,0,1,1,0,0,0,0,0,0,0,0,40464
2023-06-17,,Sudan,SDN,South Darfur,11.7,23.7,(2) 25 km Precision ,El Salam Camp,NSA,Janjaweed,Firearms,Targetted Attack on Camp,Camp Resident,No Information,Adult,0,0,1,0,0,0,0,0,0,0,0,39967
2023-06-14,,Sudan,SDN,North Darfur State,13.6,25.3,(2) 25 km Precision ,Abu Shouk Camp,NSA,Armed men,Firearms,CRSV in Protection Context,Camp Resident,Female,Adult,0,0,0,0,0,0,2,0,0,0,0,39581
2023-05-15,,Sudan,SDN,West Darfur,13.4,22.4,"(3) District, Communicipality or Commune ",None,Multiple,"Rapid Support Forces, Sudanese Armed Forces",Firearms,Education/Health Affected,Camp Resident,No Information,Adult,0,0,0,0,0,0,0,0,0,0,0,63658
2023-05-01,,Sudan,SDN,South Darfur,12,24.9,(2) 25 km Precision ,Otash Camp,NSA,Rapid Support Forces,Firearms,Targetted Attack on Camp,Camp Resident,Female,Multiple,0,0,0,0,24,0,0,0,0,0,0,39390
2023-04-17,,Sudan,SDN,South Darfur,11.7,23.7,(2) 25 km Precision ,El Salam Camp,No Information,"Unidentified, no further information available",Shelling,Airstrike/Shelling,Camp Resident,Multiple,Multiple,0,1,3,0,0,0,0,0,0,0,0,38492
2023-04-16,,Sudan,SDN,Khartoum State,15.5,32.5,(2) 25 km Precision ,Not Applicable,No Information,"Unidentified, no further information available",UXO,Violence Against Aid Operator,Aid Worker,Male,Adult,0,0,0,0,0,0,0,0,0,0,0,38553
2023-04-05,,Sudan,SDN,Central Darfur State,12.9,23.4,(2) 25 km Precision ,Hamidiya Camp,NSA,Gunmen,Firearms,Targetted Attack on Camp,No Direct Victim Reported,No Direct Victim Reported,No Direct Victim Reported,0,10,0,0,0,0,0,0,0,0,0,38998
2023-04-04,,Sudan,SDN,Central Darfur State,12.9,23.4,(2) 25 km Precision ,Hamidiya Camp,NSA,Gunmen,Firearms,Targetted Attack on Camp,Camp Resident,No Information,Adult,0,0,0,2,0,0,0,0,0,0,0,38997
2023-04-03,,Sudan,SDN,Central Darfur State,12.2,22.9,(2) 25 km Precision ,Unnamed Camp,NSA,Janjaweed,Firearms,Camp Raids,Camp Resident,No Information,Adult,0,0,1,0,0,0,0,0,0,0,0,38996
2023-03-27,,Sudan,SDN,White Nile State,12.3,32.8,(2) 25 km Precision ,Al Alagaya Refugee Camp,NSA,Militia,Firearms,Camp Resident Attacked/Killed,Camp Resident,No Information,Adult,0,0,0,3,0,0,0,0,0,0,0,38835
2022-12-29,,Sudan,SDN,Central Darfur,12.9,23.4,(2) 25 km Precision ,Hameedia Camp,NSA,Rapid Support Forces,Firearms,Targetted Attack on Camp,Camp Resident,Male,No Information About Age,0,0,0,0,0,0,0,0,0,0,0,37951
2022-12-28,,Sudan,SDN,Central Darfur,12.9,23.4,(2) 25 km Precision ,Hameedia Camp,NSA,Rapid Support Forces,Firearms,Targetted Attack on Camp,Camp Resident,No Information,Adult,0,0,0,0,0,0,0,0,0,0,0,37943
2022-12-07,,Sudan,SDN,South Darfur,11.7,23.7,(2) 25 km Precision ,El Salam Camp,Civilian,Gunmen,Firearms,Targetted Attack on Camp,No Direct Victim Reported,No Direct Victim Reported,No Direct Victim Reported,0,1,0,0,0,0,0,0,0,0,0,36853
2022-12-07,,Sudan,SDN,North Darfur State,13.4,25.3,(2) 25 km Precision ,Zamzam Camp,Civilian,Gunmen,Firearms,Camp Resident Kidnapped,Camp Resident,Male,Adult,0,0,0,0,3,0,0,0,0,0,0,36851
2022-10-03,,Sudan,SDN,West Kurdufan,11,27.7,"(3) District, Communicipality or Commune ",Unnamed Camp,NSA,Misseriya,Firearms,Targetted Attack on Camp,"Camp Resident, Unspecified",No Information,Adult,0,0,11,0,0,0,0,0,0,0,0,36834
2022-09-24,,Sudan,SDN,West Kurdufan,12.6,28.4,"(3) District, Communicipality or Commune ",Unnamed Camp,NSA,Armed men,Firearms,Camp Resident Attacked/Killed,Camp Resident,Multiple,Adult,0,0,3,6,0,0,0,0,0,0,0,35464
2022-09-21,,Sudan,SDN,Khartoum State,15.5,32.4,"(4) Province, State, Governorate ",None,Police,Sudan Police Force,Arson,Targetted Attack on Camp,No Direct Victim Reported,No Direct Victim Reported,No Direct Victim Reported,1,0,0,0,0,0,0,0,0,0,0,35434
2022-09-07,,Sudan,SDN,Kassala State,14.2,36.5,"(3) District, Communicipality or Commune ",Unnamed Camp,Multiple,Conflict Party unspecified (Ethiopia),Firearms,Camp Resident Recruited,Camp Resident,No Information,Adult,0,0,0,0,0,0,0,0,0,0,0,35433
2022-09-04,,Sudan,SDN,Kassala State,14.2,36.5,(2) 25 km Precision ,None,Host Government: Military,Sudanese Armed Forces,Not Applicable: No Direct Violence,Camp Closure,No Direct Victim Reported,No Direct Victim Reported,No Direct Victim Reported,0,0,0,0,0,0,0,0,0,0,0,35432
2022-07-11,,Sudan,SDN,North Darfur State,13.4,25.3,(2) 25 km Precision ,Zamzam Camp,NSA,Gunmen,Firearms,Threat Against Camp,No Direct Victim Reported,No Direct Victim Reported,No Direct Victim Reported,0,0,0,0,0,0,0,0,0,0,0,37872
2022-07-11,,Sudan,SDN,North Darfur State,13.6,25.3,"(3) District, Communicipality or Commune ",None,NSA,Tribesmen,Knife,Targetted Attack on Camp,Camp Resident,Male,Adult,0,0,0,2,0,0,0,0,0,0,0,37873
2022-07-09,,Sudan,SDN,West Darfur State,13.8,22.4,(2) 25 km Precision ,None,Host Government: Military,Sudanese Armed Forces,Firearms,Targetted Attack on Camp,Camp Resident,Male,Adult,0,0,0,0,0,4,0,0,0,0,0,37416
2022-06-30,,Sudan,SDN,North Darfur State,13.4,25.3,(2) 25 km Precision ,Zamzam Camp,No Information,"Unidentified, no further information available",UXO,Clashes In/Around Camp,Camp Resident,No Information,Minor,0,0,0,6,0,0,0,0,0,0,0,37412
2022-06-04,,Sudan,SDN,North Darfur State,13.4,25.3,(2) 25 km Precision ,Zamzam Camp,NSA,Herdsmen (Sudan),Not Applicable: No Direct Violence,Threat Against Camp,No Direct Victim Reported,No Direct Victim Reported,No Direct Victim Reported,0,0,0,0,0,0,0,0,0,0,0,37370
2022-05-15,,Sudan,SDN,Central Darfur,12.9,23.4,(2) 25 km Precision ,Hamidiya Camp,NSA,Armed men,Firearms,Camp Resident Attacked/Killed,Camp Resident,Male,Adult,0,0,1,0,0,0,0,0,0,0,0,34212
2022-05-10,,Sudan,SDN,South Darfur,12,24.9,(2) 25 km Precision ,Otash Camp,NSA,Armed men,Firearms,Targetted Attack on Camp,Camp Resident,Multiple,Adult,0,0,1,1,0,0,0,0,0,0,0,34211
2022-04-26,,Sudan,SDN,Central Darfur State,12.1,23.3,"(4) Province, State, Governorate ",None,NSA,Janjaweed,Firearms,Targetted Attack on Camp,No Direct Victim Reported,No Direct Victim Reported,No Direct Victim Reported,0,0,0,0,0,0,0,0,0,0,0,34107
2022-04-24,,Sudan,SDN,West Darfur,13.3,22.8,(2) 25 km Precision ,Krinik Camp,NSA,Janjaweed,Arson,Camp Arson/Fire,Camp Resident,No Information,Adult,0,0,0,16,0,0,0,0,0,0,0,34106
2022-04-18,,Sudan,SDN,South Darfur,0,0,(2) 25 km Precision ,Hashaba Camp,NSA,Armed individual,Knife,Camp Resident Attacked/Killed,Camp Resident,Female,Adult,0,0,1,0,0,0,0,0,0,0,0,34105
2022-01-19,,Sudan,SDN,North Darfur State,13.4,25.3,(2) 25 km Precision ,Zamzam Camp,NSA,Armed men,Firearms,Camp Resident Attacked/Killed,Camp Resident,Multiple,Adult,0,0,5,4,0,0,0,0,0,0,0,33021
2022-01-12,,Sudan,SDN,West Darfur State,12.9,22.8,(2) 25 km Precision ,Unnamed Camp,NSA,Janjaweed,Firearms,CRSV in Protection Context,Camp Resident,Female,Adult,0,0,0,0,0,0,4,0,0,0,0,37486
2021-09-13,,Sudan,SDN,North Darfur State,13.4,25.3,(2) 25 km Precision ,Zamzam Camp,NSA,Armed men,Firearms,CRSV in Protection Context,"Camp Resident, Camp Resident Child",Female,Multiple,0,0,0,0,0,0,0,0,0,0,0,29081
2021-07-17,,Sudan,SDN,North Darfur State,13.4,24.3,(2) 25 km Precision ,Sortoni Camp,NSA,Herdsmen (Sudan),Artillery,Airstrike/Shelling,Camp Resident,Multiple,Multiple,0,1,17,9,0,0,0,0,0,0,0,32028
2021-07-07,,Sudan,SDN,East Darfur State,12,24.9,(2) 25 km Precision ,None,NSA,Armed men,Firearms,Camp Resident Attacked/Killed,Camp Resident,No Information,Adult,0,0,1,1,0,0,0,0,0,0,0,31972
2021-06-14,,Sudan,SDN,Central Darfur State,12.9,24,(2) 25 km Precision ,Nertiti Camp,Host Government: Military,Sudanese Armed Forces,Firearms,Camp Resident Attacked/Killed,Camp Resident,No Information,Adult,0,0,0,2,0,0,0,0,0,0,0,28619
2021-04-11,,Sudan,SDN,South Darfur,12,25,(2) 25 km Precision ,Kalma Refugee Camp,NSA,South Sudan Liberation Movement / Army,Firearms,Camp Raids,Camp Resident,Male,Adult,0,0,1,0,0,0,0,0,0,0,0,29775
2021-04-10,,Sudan,SDN,South Darfur,12,25,(2) 25 km Precision ,Kalma Refugee Camp,Host Government: Military,Sudanese Armed Forces,Firearms,Camp Resident Attacked/Killed,Camp Resident,Male,Minor,0,0,1,5,0,0,0,0,0,0,0,29705
2021-04-06,,Sudan,SDN,West Darfur,13.4,22.4,(2) 25 km Precision ,Abuzar Camp,NSA,Rapid Support Forces,Arson,Camp Arson/Fire,Camp Resident,No Information,Adult,0,0,32,78,0,0,0,0,0,0,0,29704
2021-03-21,,Sudan,SDN,South Darfur,12,25,(2) 25 km Precision ,Kalma Refugee Camp,NSA,Armed men,Firearms,Threat Against Camp,No Direct Victim Reported,No Direct Victim Reported,No Direct Victim Reported,0,0,0,0,0,0,0,0,0,0,0,29376
2021-03-16,,Sudan,SDN,South Darfur,12,25,(2) 25 km Precision ,Kalma Refugee Camp,NSA,Armed men,Firearms,Targetted Attack on Camp,Camp Resident,Female,Adult,0,0,0,1,0,0,0,0,0,0,0,29375
2021-03-11,,Sudan,SDN,South Darfur State,12.5,24.2,(2) 25 km Precision ,None,NSA,Armed individual,Firearms,Camp Resident Attacked/Killed,Camp Resident,Male,Adult,0,0,0,1,0,0,0,0,0,0,0,29372
2021-03-04,,Sudan,SDN,West Kurdufan,11.7,28.3,(2) 25 km Precision ,None,NSA,Armed men,Firearms,Camp Resident Attacked/Killed,Camp Resident,Multiple,Adult,0,0,5,4,0,0,0,0,0,0,0,29271
2021-01-16,,Sudan,SDN,West Darfur,13.4,22.4,"(3) District, Communicipality or Commune ",None,NSA,Rizeigat,Arson,Camp Arson/Fire,"Aid Worker, Camp Resident",Multiple,Adult,0,0,197,0,0,0,0,3,0,0,0,26892
2020-02-09,,Sudan,SDN,West Darfur,13.4,22.4,(2) 25 km Precision ,Krindig 1 Camp,No Information,NoInformation,No Information on the Weapon Used,CRSV in Protection Context,"Camp Resident, Camp Resident Child",Female,Minor,0,0,0,0,0,0,0,0,0,0,0,25289
